-- MySQL dump 10.13  Distrib 8.0.36, for Win64 (x86_64)
--
-- Host: it.vshp.online    Database: db_ac68d6
-- ------------------------------------------------------
-- Server version	8.0.36-0ubuntu0.22.04.1

/*!40101 SET @OLD_CHARACTER_SET_CLIENT=@@CHARACTER_SET_CLIENT */;
/*!40101 SET @OLD_CHARACTER_SET_RESULTS=@@CHARACTER_SET_RESULTS */;
/*!40101 SET @OLD_COLLATION_CONNECTION=@@COLLATION_CONNECTION */;
/*!50503 SET NAMES utf8 */;
/*!40103 SET @OLD_TIME_ZONE=@@TIME_ZONE */;
/*!40103 SET TIME_ZONE='+00:00' */;
/*!40014 SET @OLD_UNIQUE_CHECKS=@@UNIQUE_CHECKS, UNIQUE_CHECKS=0 */;
/*!40014 SET @OLD_FOREIGN_KEY_CHECKS=@@FOREIGN_KEY_CHECKS, FOREIGN_KEY_CHECKS=0 */;
/*!40101 SET @OLD_SQL_MODE=@@SQL_MODE, SQL_MODE='NO_AUTO_VALUE_ON_ZERO' */;
/*!40111 SET @OLD_SQL_NOTES=@@SQL_NOTES, SQL_NOTES=0 */;

--
-- Table structure for table `companies`
--

DROP TABLE IF EXISTS `companies`;
/*!40101 SET @saved_cs_client     = @@character_set_client */;
/*!50503 SET character_set_client = utf8mb4 */;
CREATE TABLE `companies` (
  `id` int NOT NULL AUTO_INCREMENT,
  `title` varchar(255) NOT NULL,
  PRIMARY KEY (`id`)
) ENGINE=InnoDB AUTO_INCREMENT=15 DEFAULT CHARSET=utf8mb4 COLLATE=utf8mb4_0900_ai_ci;
/*!40101 SET character_set_client = @saved_cs_client */;

--
-- Dumping data for table `companies`
--

LOCK TABLES `companies` WRITE;
/*!40000 ALTER TABLE `companies` DISABLE KEYS */;
INSERT INTO `companies` VALUES (1,'Universal Pictures'),(2,'Paramount Pictures'),(3,'Sony Pictures'),(4,'20th Fox'),(5,'Warner Bros.'),(6,'Disney'),(8,'Universal Pictures'),(9,'Paramount Pictures'),(10,'Sony Pictures'),(11,'20th Fox'),(12,'Warner Bros.'),(13,'Disney');
/*!40000 ALTER TABLE `companies` ENABLE KEYS */;
UNLOCK TABLES;

--
-- Table structure for table `directors`
--

DROP TABLE IF EXISTS `directors`;
/*!40101 SET @saved_cs_client     = @@character_set_client */;
/*!50503 SET character_set_client = utf8mb4 */;
CREATE TABLE `directors` (
  `id` int NOT NULL AUTO_INCREMENT,
  `full_name` varchar(255) NOT NULL,
  PRIMARY KEY (`id`)
) ENGINE=InnoDB AUTO_INCREMENT=256 DEFAULT CHARSET=utf8mb4 COLLATE=utf8mb4_0900_ai_ci;
/*!40101 SET character_set_client = @saved_cs_client */;

--
-- Dumping data for table `directors`
--

LOCK TABLES `directors` WRITE;
/*!40000 ALTER TABLE `directors` DISABLE KEYS */;
INSERT INTO `directors` VALUES (1,'Фрэнк Дарабонт'),(2,'Фрэнсис Форд Коппола'),(3,'Кристофер Нолан'),(4,'Сидни Люмет'),(5,'Стивен Спилберг'),(6,'Питер Джексон'),(7,'Квентин Тарантино'),(8,'Серджо Леоне'),(9,'Дэвид Финчер'),(10,'Роберт Земекис'),(11,'Ирвин Кершнер'),(12,'Милош Форман'),(13,'Мартин Скорсезе'),(14,'Энди и Ларри Вачовски'),(15,'Акира Куросава'),(16,'Джордж Лукас'),(17,'Фернанду Мейреллиш'),(18,'Джонатан Демми'),(19,'Фрэнк Капра'),(20,'Роберто Бениньи'),(21,'Брайан Сингер'),(22,'Люк Бессон'),(23,'Хаяо Миядзаки'),(24,'Тони Кэй'),(25,'Альфред Хичкок'),(26,'Майкл Кёртиц'),(27,'Чарли Чаплин'),(28,'Оливье Накаш'),(29,'Роман Полански'),(30,'Джеймс Кэмерон'),(31,'Дэмьен Шазелл'),(32,'Ридли Скотт'),(33,'Роджер Аллерс'),(34,'Билли Уайлдер'),(35,'Стэнли Кубрик'),(36,'Джузеппе Торнаторе'),(37,'Флориан Хенкель фон Доннерсмарк'),(38,'Исао Такахата'),(39,'Эндрю Стэнтон'),(40,'Сэм Мендес'),(41,'Пак Чхан Ук'),(42,'Вольфганг Петерсен'),(43,'Орсон Уэллс'),(44,'Нитеш Тивари'),(45,'Ричард Маркуанд'),(46,'Мел Гибсон'),(47,'Фриц Ланг'),(48,'Даррен Аронофски'),(49,'Жан-Пьер Жене'),(50,'Аамир Хан'),(51,'Макото Синкай'),(52,'Дэвид Лин'),(53,'Мишель Гондри'),(54,'Роберт Маллиган'),(55,'Стэнли Донен'),(56,'Ли Анкрич'),(57,'Джордж Рой Хилл'),(58,'Джон Лассетер'),(59,'Раджкумар Хирани'),(60,'Витторио де Сика'),(61,'Гай Ричи'),(62,'Терри Гиллиам'),(63,'Гас Ван Сент'),(64,'Кёртис Хэнсон'),(65,'Томас Винтерберг'),(66,'Брайан де Пальма'),(67,'Асгар Фархади'),(68,'Чаган Ырмак'),(69,'Джозеф Лео Манкевич'),(70,'Пит Доктер'),(71,'Джон Хьюстон'),(72,'Клинт Иствуд'),(73,'Оливер Хиршбигель'),(74,'Джон Мактирнан'),(75,'Майкл Манн'),(76,'Маджид Маджиди'),(77,'Кэрол Рид'),(78,'Джон Стёрджес'),(79,'Гильермо дель Торо'),(80,'Дени Вильнёв'),(81,'Хуан Хосе Кампанелья'),(82,'Элиа Казан'),(83,'Стэнли Крамер'),(84,'Ленни Абрахамсон'),(85,'Ингмар Бергман'),(86,'Рон Ховард'),(87,'Дэвид Линч'),(88,'Джеймс Мактиг'),(89,'Клайд Брукман'),(90,'Гэвин О\'Коннор'),(91,'Дэнни Бойл'),(92,'Андрей Тарковский'),(93,'Фридрих Вильгельм Мурнау'),(94,'Виктор Флеминг'),(95,'Явуз Тургул'),(96,'Майкл Чимино'),(97,'Братья Коэн'),(98,'М. Найт Шьямалан'),(99,'Джон Карпентер'),(100,'Ясудзиро Одзу'),(101,'Стюарт Розенберг'),(102,'Пол Томас Андерсон'),(103,'Ракеш Омпракаш Мехра'),(104,'Элем Климов'),(105,'Карл Теодор Дрейер'),(106,'Джеймс Мэнголд'),(107,'Крис Сандерс'),(108,'Адам Эллиот'),(109,'Шон Пенн'),(110,'Нирадж Пандеу'),(111,'Терри Джонс'),(112,'Дамиан Сифрон'),(113,'Оливер Стоун'),(114,'Терри Джордж'),(115,'Анри-Жорж Клузо'),(116,'Джим Шеридан'),(117,'Роб Райнер'),(118,'Франсуа Трюффо'),(119,'Уэс Андерсон'),(120,'Уильям Уайлер'),(121,'Стив Маккуин'),(122,'Джордж Миллер'),(123,'Пон Чжун Хо'),(124,'Томас Маккарти'),(125,'Алехандро Гонсалес Иньярриту'),(126,'Питер Уир'),(127,'Питер Богданович'),(128,'Лассе Халльстрём'),(129,'Федерико Феллини'),(130,'Ричард Линклейтер'),(131,'Дэвид Йейтс'),(132,'Джон Форд'),(133,'Джон Эвилдсен'),(134,'Джеффри Джейкоб Абрамс'),(135,'Ричард Аттенборо'),(136,'Ричард Келли'),(137,'Вуди Аллен'),(138,'Рамеш Сиппи'),(139,'Пол Гринграсс'),(140,'Гарольд Рэмис'),(141,'Матьё Кассовиц'),(142,'Эндрю Лау'),(143,'Тейт Тейлор'),(144,'Вонг Карвай'),(145,'Вим Вендерс'),(146,'Джилло Понтекорво'),(147,'Гэри Трусдейл'),(148,'Анураг Кашьяп'),(149,'Гор Вербински'),(150,'Олдрич Роберт');
/*!40000 ALTER TABLE `directors` ENABLE KEYS */;
UNLOCK TABLES;

--
-- Table structure for table `genres`
--

DROP TABLE IF EXISTS `genres`;
/*!40101 SET @saved_cs_client     = @@character_set_client */;
/*!50503 SET character_set_client = utf8mb4 */;
CREATE TABLE `genres` (
  `id` int NOT NULL AUTO_INCREMENT,
  `title` varchar(255) NOT NULL,
  PRIMARY KEY (`id`)
) ENGINE=InnoDB AUTO_INCREMENT=32 DEFAULT CHARSET=utf8mb4 COLLATE=utf8mb4_0900_ai_ci;
/*!40101 SET character_set_client = @saved_cs_client */;

--
-- Dumping data for table `genres`
--

LOCK TABLES `genres` WRITE;
/*!40000 ALTER TABLE `genres` DISABLE KEYS */;
INSERT INTO `genres` VALUES (1,'драма'),(2,'детектив'),(3,'боевик'),(4,'исторический фильм'),(5,'фэнтези'),(6,'вестерн'),(7,'комедия'),(8,'фантастика'),(9,'триллер'),(10,'приключение'),(11,'мультфильм'),(12,'мелодрама'),(13,'таинственный фильм'),(14,'биография'),(15,'детектив драма'),(16,'нуар'),(17,'аниме'),(18,'научная фантастика'),(19,'фильм-биография'),(20,'сказка');
/*!40000 ALTER TABLE `genres` ENABLE KEYS */;
UNLOCK TABLES;

--
-- Table structure for table `movies`
--

DROP TABLE IF EXISTS `movies`;
/*!40101 SET @saved_cs_client     = @@character_set_client */;
/*!50503 SET character_set_client = utf8mb4 */;
CREATE TABLE `movies` (
  `id` int NOT NULL AUTO_INCREMENT,
  `title` varchar(255) NOT NULL,
  `year` int NOT NULL,
  `budget` decimal(15,2) DEFAULT NULL,
  `director_id` int DEFAULT NULL,
  `genre_id` int DEFAULT NULL,
  `company_id` int DEFAULT NULL,
  PRIMARY KEY (`id`),
  KEY `director_id` (`director_id`),
  KEY `genre_id` (`genre_id`),
  KEY `company_id` (`company_id`),
  CONSTRAINT `movies_ibfk_1` FOREIGN KEY (`director_id`) REFERENCES `directors` (`id`),
  CONSTRAINT `movies_ibfk_2` FOREIGN KEY (`genre_id`) REFERENCES `genres` (`id`),
  CONSTRAINT `movies_ibfk_3` FOREIGN KEY (`company_id`) REFERENCES `companies` (`id`)
) ENGINE=InnoDB AUTO_INCREMENT=512 DEFAULT CHARSET=utf8mb4 COLLATE=utf8mb4_0900_ai_ci;
/*!40101 SET character_set_client = @saved_cs_client */;

--
-- Dumping data for table `movies`
--

LOCK TABLES `movies` WRITE;
/*!40000 ALTER TABLE `movies` DISABLE KEYS */;
INSERT INTO `movies` VALUES (1,'Зелёная миля',1999,73.00,1,1,8),(2,'Зелёная миля',1999,73.00,1,1,1),(3,'Побег из Шоушенка',1994,92.00,1,1,8),(4,'Побег из Шоушенка',1994,92.00,1,1,1),(5,'Апокалипсис сегодня',1979,231.00,2,1,11),(6,'Апокалипсис сегодня',1979,231.00,2,1,4),(7,'Крёстный отец 2',1974,113.00,2,2,10),(8,'Крёстный отец 2',1974,113.00,2,2,3),(9,'Крёстный отец',1972,54.00,2,2,9),(10,'Крёстный отец',1972,54.00,2,2,2),(11,'Бэтмен: Начало',2005,39.00,3,3,11),(12,'Бэтмен: Начало',2005,39.00,3,3,4),(13,'Дюнкерк',2017,69.00,3,3,9),(14,'Дюнкерк',2017,69.00,3,3,2),(15,'Тёмный рыцарь: Возрождение легенды',2012,117.00,3,3,12),(16,'Тёмный рыцарь: Возрождение легенды',2012,117.00,3,3,5),(17,'Помни',2000,52.00,3,9,12),(18,'Помни',2000,52.00,3,9,5),(19,'Престиж',2006,46.00,3,1,9),(20,'Престиж',2006,46.00,3,1,2),(21,'Интерстеллар',2014,200.00,3,8,9),(22,'Интерстеллар',2014,200.00,3,8,2),(23,'Начало',2010,99.00,3,9,9),(24,'Начало',2010,99.00,3,9,2),(25,'Тёмный рыцарь',2008,70.00,3,3,11),(26,'Тёмный рыцарь',2008,70.00,3,3,4),(27,'Собачий полдень',1976,105.00,4,2,13),(28,'Собачий полдень',1976,105.00,4,2,6),(29,'Телесеть',1975,62.00,4,1,9),(30,'Телесеть',1975,62.00,4,1,2),(31,'12 разгневанных мужчин',1957,123.00,4,2,12),(32,'12 разгневанных мужчин',1957,123.00,4,2,5),(33,'Челюсти',1975,211.00,5,9,12),(34,'Челюсти',1975,211.00,5,9,5),(35,'Поймай меня если сможешь',2002,51.00,5,1,12),(36,'Поймай меня если сможешь',2002,51.00,5,1,5),(37,'Парк юрского периода',1993,202.00,5,10,9),(38,'Парк юрского периода',1993,202.00,5,10,2),(39,'Индиана Джонс и последний крестовый поход',1989,156.00,5,3,12),(40,'Индиана Джонс и последний крестовый поход',1989,156.00,5,3,5),(41,'Индиана Джонс: В поисках утраченного ковчега',1981,156.00,5,10,12),(42,'Индиана Джонс: В поисках утраченного ковчега',1981,156.00,5,10,5),(43,'Спасти рядового Райана',1998,71.00,5,1,9),(44,'Спасти рядового Райана',1998,71.00,5,1,2),(45,'Список Шиндлера',1993,33.00,5,4,13),(46,'Список Шиндлера',1993,33.00,5,4,6),(47,'Властелин колец: Две крепости',2002,36.00,6,5,9),(48,'Властелин колец: Две крепости',2002,36.00,6,5,2),(49,'Властелин колец: Братство Кольца',1999,104.00,6,5,9),(50,'Властелин колец: Братство Кольца',1999,104.00,6,5,2),(51,'Властелин колец: Возвращение короля',2003,158.00,6,5,13),(52,'Властелин колец: Возвращение короля',2003,158.00,6,5,6),(53,'Убить Билла. Фильм 1',2003,104.00,7,3,11),(54,'Убить Билла. Фильм 1',2003,104.00,7,3,4),(55,'Бесславные ублюдки',2009,157.00,7,10,10),(56,'Бесславные ублюдки',2009,157.00,7,10,3),(57,'Бешеные псы',1992,84.00,7,2,13),(58,'Бешеные псы',1992,84.00,7,2,6),(59,'Джанго освобождённый',2012,240.00,7,6,10),(60,'Джанго освобождённый',2012,240.00,7,6,3),(61,'Криминальное чтиво',1994,211.00,7,2,10),(62,'Криминальное чтиво',1994,211.00,7,2,3),(63,'На несколько долларов больше',1965,116.00,8,6,9),(64,'На несколько долларов больше',1965,116.00,8,6,2),(65,'Однажды в Америке',1984,37.00,8,2,12),(66,'Однажды в Америке',1984,37.00,8,2,5),(67,'Однажды на Диком Западе',1968,66.00,8,6,10),(68,'Однажды на Диком Западе',1968,66.00,8,6,3),(69,'Хороший, плохой, злой',1966,236.00,8,6,9),(70,'Хороший, плохой, злой',1966,236.00,8,6,2),(71,'Исчезнувшая',2014,106.00,9,1,8),(72,'Исчезнувшая',2014,106.00,9,1,1),(73,'Семь',1995,225.00,9,2,9),(74,'Семь',1995,225.00,9,2,2),(75,'Бойцовский клуб',2001,63.00,9,1,8),(76,'Бойцовский клуб',2001,63.00,9,1,1),(77,'Назад в будущее',1985,6.00,10,8,12),(78,'Назад в будущее',1985,6.00,10,8,5),(79,'Форрест Гамп',1994,25.00,10,7,9),(80,'Форрест Гамп',1994,25.00,10,7,2),(81,'Звёздные войны. Эпизод V: Империя наносит ответный удар',1980,103.00,11,8,12),(82,'Звёздные войны. Эпизод V: Империя наносит ответный удар',1980,103.00,11,8,5),(83,'Амадей',1984,78.00,12,14,10),(84,'Амадей',1984,78.00,12,14,3),(85,'Пролетая над гнездом кукушки',1975,231.00,12,1,12),(86,'Пролетая над гнездом кукушки',1975,231.00,12,1,5),(87,'Остров проклятых',2010,13.00,13,1,13),(88,'Остров проклятых',2010,13.00,13,1,6),(89,'Волк с Уолл-стрит',2013,65.00,13,14,8),(90,'Волк с Уолл-стрит',2013,65.00,13,14,1),(91,'Казино',1995,209.00,13,14,12),(92,'Казино',1995,209.00,13,14,5),(93,'Бешеный бык',1980,34.00,13,1,9),(94,'Бешеный бык',1980,34.00,13,1,2),(95,'Таксист',1976,45.00,13,2,8),(96,'Таксист',1976,45.00,13,2,1),(97,'Отступники',2006,126.00,13,2,8),(98,'Отступники',2006,126.00,13,2,1),(99,'Славные парни',1990,201.00,13,2,8),(100,'Славные парни',1990,201.00,13,2,1),(101,'Матрица',1999,105.00,14,8,11),(102,'Матрица',1999,105.00,14,8,4),(103,'Ран',1985,136.00,15,3,13),(104,'Ран',1985,136.00,15,3,6),(105,'Жить',1952,240.00,15,1,9),(106,'Жить',1952,240.00,15,1,2),(107,'Телохранитель',1961,18.00,15,3,13),(108,'Телохранитель',1961,18.00,15,3,6),(109,'Расёмон',1950,22.00,15,15,13),(110,'Расёмон',1950,22.00,15,15,6),(111,'Семь самураев',1954,203.00,15,10,8),(112,'Семь самураев',1954,203.00,15,10,1),(113,'Звёздные войны. Эпизод IV: Новая надежда',1977,31.00,16,8,9),(114,'Звёздные войны. Эпизод IV: Новая надежда',1977,31.00,16,8,2),(115,'Город Бога',2002,51.00,17,2,9),(116,'Город Бога',2002,51.00,17,2,2),(117,'Молчание ягнят',1991,89.00,18,9,9),(118,'Молчание ягнят',1991,89.00,18,9,2),(119,'Это случилось однажды ночью',1934,195.00,19,7,10),(120,'Это случилось однажды ночью',1934,195.00,19,7,3),(121,'Мистер Смит едет в Вашингтон',1939,213.00,19,1,8),(122,'Мистер Смит едет в Вашингтон',1939,213.00,19,1,1),(123,'Эта прекрасная жизнь',1946,235.00,19,1,10),(124,'Эта прекрасная жизнь',1946,235.00,19,1,3),(125,'Жизнь прекрасна',1997,48.00,20,7,10),(126,'Жизнь прекрасна',1997,48.00,20,7,3),(127,'Подозрительные лица',1995,235.00,21,2,11),(128,'Подозрительные лица',1995,235.00,21,2,4),(129,'Леон',1994,204.00,22,2,11),(130,'Леон',1994,204.00,22,2,4),(131,'Навсикая из Долины ветров',1984,228.00,23,11,11),(132,'Навсикая из Долины ветров',1984,228.00,23,11,4),(133,'Ходячий замок',2004,200.00,23,17,10),(134,'Ходячий замок',2004,200.00,23,17,3),(135,'Мой сосед Тоторо',1988,175.00,23,11,12),(136,'Мой сосед Тоторо',1988,175.00,23,11,5),(137,'Принцесса Мононоке',1997,155.00,23,11,8),(138,'Принцесса Мононоке',1997,155.00,23,11,1),(139,'Унесённые призраками',2001,209.00,23,11,9),(140,'Унесённые призраками',2001,209.00,23,11,2),(141,'Американская история Икс',1998,23.00,24,1,13),(142,'Американская история Икс',1998,23.00,24,1,6),(143,'Ребекка',1940,25.00,25,13,10),(144,'Ребекка',1940,25.00,25,13,3),(145,'В случае убийства набирайте «М»',1954,16.00,25,2,9),(146,'В случае убийства набирайте «М»',1954,16.00,25,2,2),(147,'К северу через северо-запад',1959,184.00,25,3,8),(148,'К северу через северо-запад',1959,184.00,25,3,1),(149,'Головокружение',1958,19.00,25,13,12),(150,'Головокружение',1958,19.00,25,13,5),(151,'Окно во двор',1954,250.00,25,9,13),(152,'Окно во двор',1954,250.00,25,9,6),(153,'Психо',1960,54.00,25,9,8),(154,'Психо',1960,54.00,25,9,1),(155,'Касабланка',1942,115.00,26,1,12),(156,'Касабланка',1942,115.00,26,1,5),(157,'Золотая лихорадка',1925,79.00,27,7,9),(158,'Золотая лихорадка',1925,79.00,27,7,2),(159,'Малыш',1921,159.00,27,7,11),(160,'Малыш',1921,159.00,27,7,4),(161,'Великий диктатор',1940,41.00,27,7,13),(162,'Великий диктатор',1940,41.00,27,7,6),(163,'Новые времена',1936,50.00,27,7,8),(164,'Новые времена',1936,50.00,27,7,1),(165,'Огни большого города',1931,234.00,27,12,11),(166,'Огни большого города',1931,234.00,27,12,4),(167,'1+1',2011,88.00,28,1,8),(168,'1+1',2011,88.00,28,1,1),(169,'Китайский квартал',1974,56.00,29,2,8),(170,'Китайский квартал',1974,56.00,29,2,1),(171,'Пианист',2002,136.00,29,1,13),(172,'Пианист',2002,136.00,29,1,6),(173,'Терминатор',1984,48.00,30,8,9),(174,'Терминатор',1984,48.00,30,8,2),(175,'Чужие',1986,123.00,30,8,12),(176,'Чужие',1986,123.00,30,8,5),(177,'Терминатор 2: Судный день',1991,202.00,30,8,8),(178,'Терминатор 2: Судный день',1991,202.00,30,8,1),(179,'Ла-Ла Ленд',2016,65.00,31,7,11),(180,'Ла-Ла Ленд',2016,65.00,31,7,4),(181,'Одержимость',2014,110.00,31,1,8),(182,'Одержимость',2014,110.00,31,1,1),(183,'Бегущий по лезвию',1982,212.00,32,18,11),(184,'Бегущий по лезвию',1982,212.00,32,18,4),(185,'Чужой',1979,189.00,32,8,13),(186,'Чужой',1979,189.00,32,8,6),(187,'Гладиатор',2000,247.00,32,3,8),(188,'Гладиатор',2000,247.00,32,3,1),(189,'Король Лев',1994,90.00,33,11,8),(190,'Король Лев',1994,90.00,33,11,1),(191,'В джазе только девушки',1959,67.00,34,7,9),(192,'В джазе только девушки',1959,67.00,34,7,2),(193,'Квартира',1960,107.00,34,7,8),(194,'Квартира',1960,107.00,34,7,1),(195,'Двойная страховка',1944,203.00,34,2,11),(196,'Двойная страховка',1944,203.00,34,2,4),(197,'Свидетель обвинения',1957,247.00,34,2,12),(198,'Свидетель обвинения',1957,247.00,34,2,5),(199,'Бульвар Сансет',1950,152.00,34,1,13),(200,'Бульвар Сансет',1950,152.00,34,1,6),(201,'Барри Линдон',1975,38.00,35,1,13),(202,'Барри Линдон',1975,38.00,35,1,6),(203,'Космическая одиссея 2001 года',1968,170.00,35,10,13),(204,'Космическая одиссея 2001 года',1968,170.00,35,10,6),(205,'Цельнометаллическая оболочка',1987,23.00,35,1,10),(206,'Цельнометаллическая оболочка',1987,23.00,35,1,3),(207,'Заводной апельсин',1971,239.00,35,2,8),(208,'Заводной апельсин',1971,239.00,35,2,1),(209,'Сияние',1980,77.00,35,1,8),(210,'Сияние',1980,77.00,35,1,1),(211,'Тропы славы',1957,180.00,35,1,12),(212,'Тропы славы',1957,180.00,35,1,5),(213,'Доктор Стрейнджлав',1964,225.00,35,7,10),(214,'Доктор Стрейнджлав',1964,225.00,35,7,3),(215,'Новый кинотеатр «Парадизо»',1988,21.00,36,7,9),(216,'Новый кинотеатр «Парадизо»',1988,21.00,36,7,2),(217,'Жизнь других',2006,127.00,37,1,11),(218,'Жизнь других',2006,127.00,37,1,4),(219,'Могила светлячков',1988,104.00,38,11,9),(220,'Могила светлячков',1988,104.00,38,11,2),(221,'В поисках Немо',2003,187.00,39,11,10),(222,'В поисках Немо',2003,187.00,39,11,3),(223,'ВАЛЛ-И',2008,212.00,39,11,10),(224,'ВАЛЛ-И',2008,212.00,39,11,3),(225,'Красота по-американски',1999,174.00,40,1,10),(226,'Красота по-американски',1999,174.00,40,1,3),(227,'Служанка',2016,120.00,41,1,9),(228,'Служанка',2016,120.00,41,1,2),(229,'Олдбой',2003,134.00,41,3,8),(230,'Олдбой',2003,134.00,41,3,1),(231,'Подводная лодка',1981,101.00,42,10,10),(232,'Подводная лодка',1981,101.00,42,10,3),(233,'Печать зла',1958,91.00,43,9,13),(234,'Печать зла',1958,91.00,43,9,6),(235,'Гражданин Кейн',1941,141.00,43,1,13),(236,'Гражданин Кейн',1941,141.00,43,1,6),(237,'Дангал',2016,43.00,44,3,8),(238,'Дангал',2016,43.00,44,3,1),(239,'Звёздные войны. Эпизод VI: Возвращение джедая',1983,120.00,45,3,13),(240,'Звёздные войны. Эпизод VI: Возвращение джедая',1983,120.00,45,3,6),(241,'По соображениям совести',2016,204.00,46,14,9),(242,'По соображениям совести',2016,204.00,46,14,2),(243,'Храброе сердце',1995,152.00,46,14,8),(244,'Храброе сердце',1995,152.00,46,14,1),(245,'Метрополис',1927,42.00,47,1,8),(246,'Метрополис',1927,42.00,47,1,1),(247,'М',1931,79.00,47,2,13),(248,'М',1931,79.00,47,2,6),(249,'Реквием по мечте',2000,98.00,48,1,11),(250,'Реквием по мечте',2000,98.00,48,1,4),(251,'Амели',2001,173.00,49,7,13),(252,'Амели',2001,173.00,49,7,6),(253,'Звёздочки на земле',2007,88.00,50,1,12),(254,'Звёздочки на земле',2007,88.00,50,1,5),(255,'Твоё имя',2016,182.00,51,11,10),(256,'Твоё имя',2016,182.00,51,11,3),(257,'Мост через реку Квай',1957,144.00,52,10,9),(258,'Мост через реку Квай',1957,144.00,52,10,2),(259,'Лоуренс Аравийский',1962,134.00,52,10,9),(260,'Лоуренс Аравийский',1962,134.00,52,10,2),(261,'Вечное сияние чистого разума',2004,74.00,53,1,12),(262,'Вечное сияние чистого разума',2004,74.00,53,1,5),(263,'Убить пересмешника',1962,180.00,54,2,13),(264,'Убить пересмешника',1962,180.00,54,2,6),(265,'Поющие под дождём',1952,147.00,55,7,13),(266,'Поющие под дождём',1952,147.00,55,7,6),(267,'История игрушек: Большой побег',2010,166.00,56,11,9),(268,'История игрушек: Большой побег',2010,166.00,56,11,2),(269,'Бутч Кэссиди и Санденс Кид',1969,89.00,57,10,9),(270,'Бутч Кэссиди и Санденс Кид',1969,89.00,57,10,2),(271,'Афера',1973,15.00,57,7,8),(272,'Афера',1973,15.00,57,7,1),(273,'История игрушек',1995,174.00,58,11,13),(274,'История игрушек',1995,174.00,58,11,6),(275,'Пикей',2014,14.00,59,7,12),(276,'Пикей',2014,14.00,59,7,5),(277,'Братан Мунна: Продавец счастья',2003,132.00,59,7,13),(278,'Братан Мунна: Продавец счастья',2003,132.00,59,7,6),(279,'3 идиота',2009,241.00,59,10,10),(280,'3 идиота',2009,241.00,59,10,3),(281,'Похитители велосипедов',1948,114.00,60,1,8),(282,'Похитители велосипедов',1948,114.00,60,1,1),(283,'Карты деньги два ствола',1998,18.00,61,2,13),(284,'Карты деньги два ствола',1998,18.00,61,2,6),(285,'Большой куш',2000,89.00,61,7,8),(286,'Большой куш',2000,89.00,61,7,1),(287,'12 обезьян',1995,68.00,62,18,10),(288,'12 обезьян',1995,68.00,62,18,3),(289,'Монти Пайтон и Священный Грааль',1975,239.00,62,10,13),(290,'Монти Пайтон и Священный Грааль',1975,239.00,62,10,6),(291,'Умница Уилл Хантинг',1997,116.00,63,1,11),(292,'Умница Уилл Хантинг',1997,116.00,63,1,4),(293,'Секреты Лос-Анджелеса',1997,113.00,64,2,9),(294,'Секреты Лос-Анджелеса',1997,113.00,64,2,2),(295,'Охота',2012,169.00,65,1,11),(296,'Охота',2012,169.00,65,1,4),(297,'Лицо со шрамом',1983,109.00,66,2,9),(298,'Лицо со шрамом',1983,109.00,66,2,2),(299,'Развод Надера и Симин',2011,106.00,67,1,11),(300,'Развод Надера и Симин',2011,106.00,67,1,4),(301,'Мой отец и мой сын',2005,226.00,68,1,9),(302,'Мой отец и мой сын',2005,226.00,68,1,2),(303,'Всё о Еве',1950,126.00,69,1,9),(304,'Всё о Еве',1950,126.00,69,1,2),(305,'Корпорация монстров',2001,164.00,70,11,8),(306,'Корпорация монстров',2001,164.00,70,11,1),(307,'Головоломка',2015,42.00,70,11,8),(308,'Головоломка',2015,42.00,70,11,1),(309,'Вверх',2009,94.00,70,11,12),(310,'Вверх',2009,94.00,70,11,5),(311,'Мальтийский сокол',1941,18.00,71,2,11),(312,'Мальтийский сокол',1941,18.00,71,2,4),(313,'Сокровища Сьерра-Мадре',1948,241.00,71,10,11),(314,'Сокровища Сьерра-Мадре',1948,241.00,71,10,4),(315,'Малышка на миллион',2004,41.00,72,1,8),(316,'Малышка на миллион',2004,41.00,72,1,1),(317,'Гран Торино',2008,72.00,72,1,12),(318,'Гран Торино',2008,72.00,72,1,5),(319,'Непрощённый',1992,179.00,72,1,8),(320,'Непрощённый',1992,179.00,72,1,1),(321,'Бункер',2004,200.00,73,14,13),(322,'Бункер',2004,200.00,73,14,6),(323,'Крепкий орешек',1988,182.00,74,3,13),(324,'Крепкий орешек',1988,182.00,74,3,6),(325,'Схватка',1995,46.00,75,2,10),(326,'Схватка',1995,46.00,75,2,3),(327,'Дети небес',1997,7.00,76,1,13),(328,'Дети небес',1997,7.00,76,1,6),(329,'Третий человек',1949,94.00,77,16,11),(330,'Третий человек',1949,94.00,77,16,4),(331,'Большой побег',1963,50.00,78,10,9),(332,'Большой побег',1963,50.00,78,10,2),(333,'Лабиринт фавна',2006,42.00,79,5,8),(334,'Лабиринт фавна',2006,42.00,79,5,1),(335,'Пленницы',2013,221.00,80,9,11),(336,'Пленницы',2013,221.00,80,9,4),(337,'Пожары',2010,118.00,80,1,13),(338,'Пожары',2010,118.00,80,1,6),(339,'Тайна в его глазах',2009,101.00,81,1,12),(340,'Тайна в его глазах',2009,101.00,81,1,5),(341,'В порту',1954,79.00,82,2,13),(342,'В порту',1954,79.00,82,2,6),(343,'Нюрнбергский процесс',1961,25.00,83,1,13),(344,'Нюрнбергский процесс',1961,25.00,83,1,6),(345,'Комната',2015,151.00,84,1,11),(346,'Комната',2015,151.00,84,1,4),(347,'Персона',1966,134.00,85,1,9),(348,'Персона',1966,134.00,85,1,2),(349,'Земляничная поляна',1957,70.00,85,1,11),(350,'Земляничная поляна',1957,70.00,85,1,4),(351,'Седьмая печать',1957,195.00,85,1,8),(352,'Седьмая печать',1957,195.00,85,1,1),(353,'Гонка',2013,93.00,86,19,13),(354,'Гонка',2013,93.00,86,19,6),(355,'Игры разума',2001,107.00,86,1,10),(356,'Игры разума',2001,107.00,86,1,3),(357,'Человек-слон',1980,211.00,87,14,12),(358,'Человек-слон',1980,211.00,87,14,5),(359,'V — значит вендетта',2006,204.00,88,3,13),(360,'V — значит вендетта',2006,204.00,88,3,6),(361,'Генерал',1927,52.00,89,7,12),(362,'Генерал',1927,52.00,89,7,5),(363,'Воин',2011,180.00,90,3,13),(364,'Воин',2011,180.00,90,3,6),(365,'На игле',1996,109.00,91,2,11),(366,'На игле',1996,109.00,91,2,4),(367,'Сталкер',1979,102.00,92,1,9),(368,'Сталкер',1979,102.00,92,1,2),(369,'Андрей Рублёв',1966,65.00,92,14,10),(370,'Андрей Рублёв',1966,65.00,92,14,3),(371,'Восход солнца',1927,236.00,93,7,10),(372,'Восход солнца',1927,236.00,93,7,3),(373,'Волшебник страны Оз',1939,74.00,94,20,10),(374,'Волшебник страны Оз',1939,74.00,94,20,3),(375,'Унесённые ветром',1939,211.00,94,1,11),(376,'Унесённые ветром',1939,211.00,94,1,4),(377,'Бандит',1996,42.00,95,2,12),(378,'Бандит',1996,42.00,95,2,5),(379,'Охотник на оленей',1978,190.00,96,1,8),(380,'Охотник на оленей',1978,190.00,96,1,1),(381,'Старикам тут не место',2007,190.00,97,2,12),(382,'Старикам тут не место',2007,190.00,97,2,5),(383,'Большой Лебовски',1998,58.00,97,7,10),(384,'Большой Лебовски',1998,58.00,97,7,3),(385,'Фарго',1996,73.00,97,2,11),(386,'Фарго',1996,73.00,97,2,4),(387,'Шестое чувство',1999,42.00,98,1,10),(388,'Шестое чувство',1999,42.00,98,1,3),(389,'Нечто',1982,250.00,99,18,12),(390,'Нечто',1982,250.00,99,18,5),(391,'Токийская повесть',1953,152.00,100,1,8),(392,'Токийская повесть',1953,152.00,100,1,1),(393,'Хладнокровный Люк',1967,63.00,101,2,11),(394,'Хладнокровный Люк',1967,63.00,101,2,4),(395,'Нефть',2007,190.00,102,1,11),(396,'Нефть',2007,190.00,102,1,4),(397,'Цвет шафрана',2006,88.00,103,1,11),(398,'Цвет шафрана',2006,88.00,103,1,4),(399,'Иди и смотри',1985,195.00,104,1,11),(400,'Иди и смотри',1985,195.00,104,1,4),(401,'Страсти Жанны д\'Арк',1928,124.00,105,14,12),(402,'Страсти Жанны д\'Арк',1928,124.00,105,14,5),(403,'Логан',2017,217.00,106,3,10),(404,'Логан',2017,217.00,106,3,3),(405,'Как приручить дракона',2010,244.00,107,11,8),(406,'Как приручить дракона',2010,244.00,107,11,1),(407,'Мэри и Макс',2009,214.00,108,10,11),(408,'Мэри и Макс',2009,214.00,108,10,4),(409,'В диких условиях',2007,61.00,109,10,12),(410,'В диких условиях',2007,61.00,109,10,5),(411,'Среда',2008,65.00,110,2,11),(412,'Среда',2008,65.00,110,2,4),(413,'Житие Брайана по Монти Пайтону',1979,170.00,111,7,9),(414,'Житие Брайана по Монти Пайтону',1979,170.00,111,7,2),(417,'Взвод',1986,41.00,113,3,10),(418,'Взвод',1986,41.00,113,3,3),(419,'Отель Руанда',2004,128.00,114,14,10),(420,'Отель Руанда',2004,128.00,114,14,3),(421,'Дьяволицы',1954,52.00,115,2,10),(422,'Дьяволицы',1954,52.00,115,2,3),(423,'Плата за страх',1953,191.00,115,10,8),(424,'Плата за страх',1953,191.00,115,10,1),(425,'Во имя отца',1993,246.00,116,14,11),(426,'Во имя отца',1993,246.00,116,14,4),(427,'Принцесса-невеста',1987,206.00,117,10,11),(428,'Принцесса-невеста',1987,206.00,117,10,4),(429,'Останься со мной',1986,14.00,117,10,9),(430,'Останься со мной',1986,14.00,117,10,2),(431,'Четыреста ударов',1959,39.00,118,2,9),(432,'Четыреста ударов',1959,39.00,118,2,2),(433,'Отель «Гранд Будапешт»',2014,225.00,119,7,11),(434,'Отель «Гранд Будапешт»',2014,225.00,119,7,4),(435,'Лучшие годы нашей жизни',1946,152.00,120,1,9),(436,'Лучшие годы нашей жизни',1946,152.00,120,1,2),(437,'Бен-Гур',1959,24.00,120,3,13),(438,'Бен-Гур',1959,24.00,120,3,6),(439,'12 лет рабства',2013,148.00,121,14,10),(440,'12 лет рабства',2013,148.00,121,14,3),(441,'Безумный Макс: Дорога ярости',2015,152.00,122,3,13),(442,'Безумный Макс: Дорога ярости',2015,152.00,122,3,6),(443,'Воспоминания об убийстве',2003,160.00,123,1,13),(444,'Воспоминания об убийстве',2003,160.00,123,1,6),(445,'В центре внимания',2015,99.00,124,14,11),(446,'В центре внимания',2015,99.00,124,14,4),(447,'Сука любовь',2000,93.00,125,1,10),(448,'Сука любовь',2000,93.00,125,1,3),(449,'Шоу Трумана',1998,100.00,126,7,9),(450,'Шоу Трумана',1998,100.00,126,7,2),(451,'Бумажная луна',1973,31.00,127,7,13),(452,'Бумажная луна',1973,31.00,127,7,6),(453,'Хатико: Самый верный друг',2009,178.00,128,1,12),(454,'Хатико: Самый верный друг',2009,178.00,128,1,5),(455,'Восемь с половиной',1963,45.00,129,5,10),(456,'Восемь с половиной',1963,45.00,129,5,3),(457,'Ночи Кабирии',1957,127.00,129,1,12),(458,'Ночи Кабирии',1957,127.00,129,1,5),(459,'Перед рассветом',1995,250.00,130,12,10),(460,'Перед рассветом',1995,250.00,130,12,3),(461,'Гарри Поттер и Дары Смерти. Часть 2',2011,225.00,131,5,8),(462,'Гарри Поттер и Дары Смерти. Часть 2',2011,225.00,131,5,1),(463,'Гроздья гнева',1940,203.00,132,1,11),(464,'Гроздья гнева',1940,203.00,132,1,4),(465,'Рокки',1976,177.00,133,1,10),(466,'Рокки',1976,177.00,133,1,3),(467,'Звёздные войны: Пробуждение силы',2015,41.00,134,8,12),(468,'Звёздные войны: Пробуждение силы',2015,41.00,134,8,5),(469,'Ганди',1982,112.00,135,4,8),(470,'Ганди',1982,112.00,135,4,1),(471,'Донни Дарко',2001,57.00,136,8,12),(472,'Донни Дарко',2001,57.00,136,8,5),(473,'Энни Холл',1977,135.00,137,12,9),(474,'Энни Холл',1977,135.00,137,12,2),(475,'Месть и закон',1975,97.00,138,3,11),(476,'Месть и закон',1975,97.00,138,3,4),(477,'Ультиматум Борна',2007,7.00,139,3,9),(478,'Ультиматум Борна',2007,7.00,139,3,2),(479,'День сурка',1993,217.00,140,7,12),(480,'День сурка',1993,217.00,140,7,5),(481,'Ненависть',1995,112.00,141,1,9),(482,'Ненависть',1995,112.00,141,1,2),(483,'Двойная рокировка',2002,235.00,142,2,8),(484,'Двойная рокировка',2002,235.00,142,2,1),(485,'Прислуга',2011,98.00,143,1,13),(486,'Прислуга',2011,98.00,143,1,6),(487,'Любовное настроение',2000,245.00,144,1,11),(488,'Любовное настроение',2000,245.00,144,1,4),(489,'Париж-Техас',1984,62.00,145,1,13),(490,'Париж-Техас',1984,62.00,145,1,6),(491,'Битва за Алжир',1966,165.00,146,4,13),(492,'Битва за Алжир',1966,165.00,146,4,6),(493,'Красавица и Чудовище',1991,93.00,147,11,11),(494,'Красавица и Чудовище',1991,93.00,147,11,4),(495,'Банды Вассейпура',2012,88.00,148,3,13),(496,'Банды Вассейпура',2012,88.00,148,3,6),(497,'Пираты Карибского моря: Проклятие «Чёрной жемчужины»',2003,169.00,149,10,12),(498,'Пираты Карибского моря: Проклятие «Чёрной жемчужины»',2003,169.00,149,10,5),(499,'Что случилось с Бэби Джейн?',1962,141.00,150,1,13),(500,'Что случилось с Бэби Джейн?',1962,141.00,150,1,6);
/*!40000 ALTER TABLE `movies` ENABLE KEYS */;
UNLOCK TABLES;
/*!40103 SET TIME_ZONE=@OLD_TIME_ZONE */;

/*!40101 SET SQL_MODE=@OLD_SQL_MODE */;
/*!40014 SET FOREIGN_KEY_CHECKS=@OLD_FOREIGN_KEY_CHECKS */;
/*!40014 SET UNIQUE_CHECKS=@OLD_UNIQUE_CHECKS */;
/*!40101 SET CHARACTER_SET_CLIENT=@OLD_CHARACTER_SET_CLIENT */;
/*!40101 SET CHARACTER_SET_RESULTS=@OLD_CHARACTER_SET_RESULTS */;
/*!40101 SET COLLATION_CONNECTION=@OLD_COLLATION_CONNECTION */;
/*!40111 SET SQL_NOTES=@OLD_SQL_NOTES */;

-- Dump completed on 2024-06-08 20:06:23
